Region,Date,Sunrise,Sunset
Davao del norte,30/07/2017,5:31 AM,5:57 PM
Davao del norte,31/07/2017,5:31 AM,5:57 PM
Davao del norte,01/08/2017,5:31 AM,5:57 PM
Davao del norte,02/08/2017,5:31 AM,5:57 PM
Davao del norte,03/08/2017,5:31 AM,5:56 PM
Davao del norte,04/08/2017,5:31 AM,5:56 PM
Davao del norte,05/08/2017,5:31 AM,5:56 PM
Davao del norte,06/08/2017,5:31 AM,5:56 PM
Davao del norte,07/08/2017,5:31 AM,5:55 PM
Davao del norte,08/08/2017,5:31 AM,5:55 PM
Davao del norte,09/08/2017,5:31 AM,5:55 PM
Davao del norte,10/08/2017,5:31 AM,5:54 PM
Davao del norte,11/08/2017,5:31 AM,5:54 PM
Davao del norte,12/08/2017,5:31 AM,5:54 PM
Davao del norte,13/08/2017,5:31 AM,5:53 PM
Davao del norte,14/08/2017,5:31 AM,5:53 PM
Davao del norte,15/08/2017,5:31 AM,5:53 PM
Davao del norte,16/08/2017,5:31 AM,5:52 PM
Davao del norte,17/08/2017,5:31 AM,5:52 PM
Davao del norte,18/08/2017,5:31 AM,5:52 PM
Davao del norte,19/08/2017,5:31 AM,5:51 PM
Davao del norte,20/08/2017,5:31 AM,5:51 PM
Davao del norte,21/08/2017,5:31 AM,5:50 PM
Davao del norte,22/08/2017,5:31 AM,5:50 PM
Davao del norte,23/08/2017,5:31 AM,5:49 PM
Davao del norte,24/08/2017,5:31 AM,5:49 PM
Davao del norte,25/08/2017,5:31 AM,5:48 PM
Davao del norte,26/08/2017,5:31 AM,5:48 PM
Davao del norte,27/08/2017,5:31 AM,5:48 PM
Davao del norte,28/08/2017,5:30 AM,5:47 PM
Davao del norte,29/08/2017,5:30 AM,5:47 PM
Davao del norte,30/08/2017,5:30 AM,5:46 PM
Davao del norte,31/08/2017,5:30 AM,5:46 PM
Davao del norte,01/09/2017,5:30 AM,5:45 PM
Davao del norte,02/09/2017,5:30 AM,5:45 PM
Davao del norte,03/09/2017,5:30 AM,5:44 PM
Davao del norte,04/09/2017,5:30 AM,5:44 PM
Davao del norte,05/09/2017,5:29 AM,5:43 PM
Davao del norte,06/09/2017,5:29 AM,5:42 PM
Davao del norte,07/09/2017,5:29 AM,5:42 PM
Davao del norte,08/09/2017,5:29 AM,5:41 PM
Davao del norte,09/09/2017,5:29 AM,5:41 PM
Davao del norte,10/09/2017,5:29 AM,5:40 PM
Davao del norte,11/09/2017,5:29 AM,5:40 PM
Davao del norte,12/09/2017,5:28 AM,5:39 PM
Davao del norte,13/09/2017,5:28 AM,5:39 PM
Davao del norte,14/09/2017,5:28 AM,5:38 PM
Davao del norte,15/09/2017,5:28 AM,5:38 PM
Davao del norte,16/09/2017,5:28 AM,5:37 PM
Davao del norte,17/09/2017,5:28 AM,5:36 PM
Davao del norte,18/09/2017,5:27 AM,5:36 PM
Davao del norte,19/09/2017,5:27 AM,5:35 PM
Davao del norte,20/09/2017,5:27 AM,5:35 PM
Davao del norte,21/09/2017,5:27 AM,5:34 PM
Davao del norte,22/09/2017,5:27 AM,5:34 PM
Davao del norte,23/09/2017,5:27 AM,5:33 PM
Davao del norte,24/09/2017,5:27 AM,5:33 PM
Davao del norte,25/09/2017,5:26 AM,5:32 PM
Davao del norte,26/09/2017,5:26 AM,5:31 PM
Davao del norte,27/09/2017,5:26 AM,5:31 PM
Davao del norte,28/09/2017,5:26 AM,5:30 PM
Davao del norte,29/09/2017,5:26 AM,5:30 PM
Davao del norte,30/09/2017,5:26 AM,5:29 PM
Davao del norte,01/10/2017,5:26 AM,5:29 PM
Davao del norte,02/10/2017,5:25 AM,5:28 PM
Davao del norte,03/10/2017,5:25 AM,5:28 PM
Davao del norte,04/10/2017,5:25 AM,5:27 PM
Davao del norte,05/10/2017,5:25 AM,5:27 PM
Davao del norte,06/10/2017,5:25 AM,5:26 PM
Davao del norte,07/10/2017,5:25 AM,5:26 PM
Davao del norte,08/10/2017,5:25 AM,5:25 PM
Davao del norte,09/10/2017,5:25 AM,5:25 PM
Davao del norte,10/10/2017,5:25 AM,5:24 PM
Davao del norte,11/10/2017,5:25 AM,5:24 PM
Davao del norte,12/10/2017,5:25 AM,5:23 PM
Davao del norte,13/10/2017,5:24 AM,5:23 PM
Davao del norte,14/10/2017,5:24 AM,5:23 PM
Davao del norte,15/10/2017,5:24 AM,5:22 PM
Davao del norte,16/10/2017,5:24 AM,5:22 PM
Davao del norte,17/10/2017,5:24 AM,5:21 PM
Davao del norte,18/10/2017,5:24 AM,5:21 PM
Davao del norte,19/10/2017,5:24 AM,5:21 PM
Davao del norte,20/10/2017,5:24 AM,5:20 PM
Davao del norte,21/10/2017,5:24 AM,5:20 PM
Davao del norte,22/10/2017,5:24 AM,5:20 PM
Davao del norte,23/10/2017,5:24 AM,5:19 PM
Davao del norte,24/10/2017,5:24 AM,5:19 PM
Davao del norte,25/10/2017,5:25 AM,5:19 PM
Davao del norte,26/10/2017,5:25 AM,5:18 PM
Davao del norte,27/10/2017,5:25 AM,5:18 PM
Davao del norte,28/10/2017,5:25 AM,5:18 PM
Davao del norte,29/10/2017,5:25 AM,5:18 PM
Davao del norte,30/10/2017,5:25 AM,5:17 PM
Davao del norte,31/10/2017,5:25 AM,5:17 PM
Davao del norte,01/11/2017,5:25 AM,5:17 PM
Davao del norte,02/11/2017,5:25 AM,5:17 PM
Davao del norte,03/11/2017,5:26 AM,5:17 PM
Davao del norte,04/11/2017,5:26 AM,5:16 PM
Davao del norte,05/11/2017,5:26 AM,5:16 PM
Davao del norte,06/11/2017,5:26 AM,5:16 PM
Davao del norte,07/11/2017,5:26 AM,5:16 PM
Davao del norte,08/11/2017,5:26 AM,5:16 PM
Davao del norte,09/11/2017,5:27 AM,5:16 PM
Davao del norte,10/11/2017,5:27 AM,5:16 PM
Davao del norte,11/11/2017,5:27 AM,5:16 PM
Davao del norte,12/11/2017,5:27 AM,5:16 PM
Davao del norte,13/11/2017,5:28 AM,5:16 PM
Davao del norte,14/11/2017,5:28 AM,5:16 PM
Davao del norte,15/11/2017,5:28 AM,5:16 PM
Davao del norte,16/11/2017,5:29 AM,5:16 PM
Davao del norte,17/11/2017,5:29 AM,5:16 PM
Davao del norte,18/11/2017,5:29 AM,5:16 PM
Davao del norte,19/11/2017,5:30 AM,5:16 PM
Davao del norte,20/11/2017,5:30 AM,5:16 PM
Davao del norte,21/11/2017,5:30 AM,5:16 PM
Davao del norte,22/11/2017,5:31 AM,5:16 PM
Davao del norte,23/11/2017,5:31 AM,5:17 PM
Davao del norte,24/11/2017,5:31 AM,5:17 PM
Davao del norte,25/11/2017,5:32 AM,5:17 PM
Davao del norte,26/11/2017,5:32 AM,5:17 PM
Davao del norte,27/11/2017,5:33 AM,5:17 PM
Davao del norte,28/11/2017,5:33 AM,5:18 PM
Davao del norte,29/11/2017,5:34 AM,5:18 PM
Davao del norte,30/11/2017,5:34 AM,5:18 PM
Davao del norte,01/12/2017,5:35 AM,5:18 PM
Davao del norte,02/12/2017,5:35 AM,5:19 PM
Davao del norte,03/12/2017,5:36 AM,5:19 PM
Davao del norte,04/12/2017,5:36 AM,5:19 PM
Davao del norte,05/12/2017,5:36 AM,5:20 PM
Davao del norte,06/12/2017,5:37 AM,5:20 PM
Davao del norte,07/12/2017,5:37 AM,5:20 PM
Davao del norte,08/12/2017,5:38 AM,5:21 PM
Davao del norte,09/12/2017,5:38 AM,5:21 PM
Davao del norte,10/12/2017,5:39 AM,5:22 PM
Davao del norte,11/12/2017,5:39 AM,5:22 PM
Davao del norte,12/12/2017,5:40 AM,5:22 PM
Davao del norte,13/12/2017,5:40 AM,5:23 PM
Davao del norte,14/12/2017,5:41 AM,5:23 PM
Davao del norte,15/12/2017,5:41 AM,5:24 PM
Davao del norte,16/12/2017,5:42 AM,5:24 PM
Davao del norte,17/12/2017,5:42 AM,5:25 PM
Davao del norte,18/12/2017,5:43 AM,5:25 PM
Davao del norte,19/12/2017,5:44 AM,5:26 PM
Davao del norte,20/12/2017,5:44 AM,5:26 PM
Davao del norte,21/12/2017,5:45 AM,5:27 PM
Davao del norte,22/12/2017,5:45 AM,5:27 PM
Davao del norte,23/12/2017,5:45 AM,5:28 PM
Davao del norte,24/12/2017,5:46 AM,5:28 PM
Davao del norte,25/12/2017,5:46 AM,5:29 PM
Davao del norte,26/12/2017,5:47 AM,5:29 PM
Davao del norte,27/12/2017,5:47 AM,5:30 PM
Davao del norte,28/12/2017,5:48 AM,5:30 PM
Davao del norte,29/12/2017,5:48 AM,5:31 PM
Davao del norte,30/12/2017,5:49 AM,5:31 PM
Davao del norte,31/12/2017,5:49 AM,5:32 PM
Davao del norte,01/01/2018,5:50 AM,5:32 PM
Davao del norte,02/01/2018,5:50 AM,5:33 PM
Davao del norte,03/01/2018,5:50 AM,5:33 PM
Davao del norte,04/01/2018,5:51 AM,5:34 PM
Davao del norte,05/01/2018,5:51 AM,5:34 PM
Davao del norte,06/01/2018,5:52 AM,5:35 PM
Davao del norte,07/01/2018,5:52 AM,5:35 PM
Davao del norte,08/01/2018,5:52 AM,5:36 PM
Davao del norte,09/01/2018,5:53 AM,5:36 PM
Davao del norte,10/01/2018,5:53 AM,5:37 PM
Davao del norte,11/01/2018,5:53 AM,5:37 PM
Davao del norte,12/01/2018,5:54 AM,5:38 PM
Davao del norte,13/01/2018,5:54 AM,5:38 PM
Davao del norte,14/01/2018,5:54 AM,5:39 PM
Davao del norte,15/01/2018,5:54 AM,5:39 PM
Davao del norte,16/01/2018,5:55 AM,5:40 PM
Davao del norte,17/01/2018,5:55 AM,5:40 PM
Davao del norte,18/01/2018,5:55 AM,5:41 PM
Davao del norte,19/01/2018,5:55 AM,5:41 PM
Davao del norte,20/01/2018,5:55 AM,5:41 PM
Davao del norte,21/01/2018,5:56 AM,5:42 PM
Davao del norte,22/01/2018,5:56 AM,5:42 PM
Davao del norte,23/01/2018,5:56 AM,5:43 PM
Davao del norte,24/01/2018,5:56 AM,5:43 PM
Davao del norte,25/01/2018,5:56 AM,5:43 PM
Davao del norte,26/01/2018,5:56 AM,5:44 PM
Davao del norte,27/01/2018,5:56 AM,5:44 PM
Davao del norte,28/01/2018,5:56 AM,5:44 PM
Davao del norte,29/01/2018,5:56 AM,5:45 PM
Davao del norte,30/01/2018,5:56 AM,5:45 PM
Davao del norte,31/01/2018,5:56 AM,5:45 PM
Davao del norte,01/02/2018,5:56 AM,5:46 PM
Davao del norte,02/02/2018,5:56 AM,5:46 PM
Davao del norte,03/02/2018,5:56 AM,5:46 PM
Davao del norte,04/02/2018,5:56 AM,5:46 PM
Davao del norte,05/02/2018,5:56 AM,5:47 PM
Davao del norte,06/02/2018,5:56 AM,5:47 PM
Davao del norte,07/02/2018,5:56 AM,5:47 PM
Davao del norte,08/02/2018,5:56 AM,5:47 PM
Davao del norte,09/02/2018,5:56 AM,5:47 PM
Davao del norte,10/02/2018,5:56 AM,5:48 PM
Davao del norte,11/02/2018,5:56 AM,5:48 PM
Davao del norte,12/02/2018,5:55 AM,5:48 PM
Davao del norte,13/02/2018,5:55 AM,5:48 PM
Davao del norte,14/02/2018,5:55 AM,5:48 PM
Davao del norte,15/02/2018,5:55 AM,5:48 PM
Davao del norte,16/02/2018,5:55 AM,5:49 PM
Davao del norte,17/02/2018,5:54 AM,5:49 PM
Davao del norte,18/02/2018,5:54 AM,5:49 PM
Davao del norte,19/02/2018,5:54 AM,5:49 PM
Davao del norte,20/02/2018,5:54 AM,5:49 PM
Davao del norte,21/02/2018,5:53 AM,5:49 PM
Davao del norte,22/02/2018,5:53 AM,5:49 PM
Davao del norte,23/02/2018,5:53 AM,5:49 PM
Davao del norte,24/02/2018,5:52 AM,5:49 PM
Davao del norte,25/02/2018,5:52 AM,5:49 PM
Davao del norte,26/02/2018,5:52 AM,5:49 PM
Davao del norte,27/02/2018,5:51 AM,5:49 PM
Davao del norte,28/02/2018,5:51 AM,5:49 PM
Davao del norte,01/03/2018,5:51 AM,5:49 PM
Davao del norte,02/03/2018,5:50 AM,5:49 PM
Davao del norte,03/03/2018,5:50 AM,5:49 PM
Davao del norte,04/03/2018,5:49 AM,5:49 PM
Davao del norte,05/03/2018,5:49 AM,5:49 PM
Davao del norte,06/03/2018,5:49 AM,5:49 PM
Davao del norte,07/03/2018,5:48 AM,5:49 PM
Davao del norte,08/03/2018,5:48 AM,5:49 PM
Davao del norte,09/03/2018,5:47 AM,5:49 PM
Davao del norte,10/03/2018,5:47 AM,5:49 PM
Davao del norte,11/03/2018,5:46 AM,5:49 PM
Davao del norte,12/03/2018,5:46 AM,5:49 PM
Davao del norte,13/03/2018,5:45 AM,5:49 PM
Davao del norte,14/03/2018,5:45 AM,5:49 PM
Davao del norte,15/03/2018,5:44 AM,5:49 PM
Davao del norte,16/03/2018,5:44 AM,5:49 PM
Davao del norte,17/03/2018,5:43 AM,5:49 PM
Davao del norte,18/03/2018,5:43 AM,5:48 PM
Davao del norte,19/03/2018,5:42 AM,5:48 PM
Davao del norte,20/03/2018,5:42 AM,5:48 PM
Davao del norte,21/03/2018,5:42 AM,5:48 PM
Davao del norte,22/03/2018,5:41 AM,5:48 PM
Davao del norte,23/03/2018,5:40 AM,5:48 PM
Davao del norte,24/03/2018,5:40 AM,5:48 PM
Davao del norte,25/03/2018,5:39 AM,5:48 PM
Davao del norte,26/03/2018,5:39 AM,5:48 PM
Davao del norte,27/03/2018,5:39 AM,5:48 PM
Davao del norte,28/03/2018,5:38 AM,5:48 PM
Davao del norte,29/03/2018,5:37 AM,5:47 PM
Davao del norte,30/03/2018,5:37 AM,5:47 PM
Davao del norte,31/03/2018,5:36 AM,5:47 PM
Davao del norte,01/04/2018,5:36 AM,5:47 PM
Davao del norte,02/04/2018,5:35 AM,5:47 PM
Davao del norte,03/04/2018,5:35 AM,5:47 PM
Davao del norte,04/04/2018,5:34 AM,5:47 PM
Davao del norte,05/04/2018,5:34 AM,5:47 PM
Davao del norte,06/04/2018,5:34 AM,5:47 PM
Davao del norte,07/04/2018,5:33 AM,5:47 PM
Davao del norte,08/04/2018,5:33 AM,5:47 PM
Davao del norte,09/04/2018,5:32 AM,5:46 PM
Davao del norte,10/04/2018,5:32 AM,5:46 PM
Davao del norte,11/04/2018,5:31 AM,5:46 PM
Davao del norte,12/04/2018,5:31 AM,5:46 PM
Davao del norte,13/04/2018,5:30 AM,5:46 PM
Davao del norte,14/04/2018,5:30 AM,5:46 PM
Davao del norte,15/04/2018,5:29 AM,5:46 PM
Davao del norte,16/04/2018,5:29 AM,5:46 PM
Davao del norte,17/04/2018,5:28 AM,5:46 PM
Davao del norte,18/04/2018,5:28 AM,5:46 PM
Davao del norte,19/04/2018,5:28 AM,5:46 PM
Davao del norte,20/04/2018,5:27 AM,5:46 PM
Davao del norte,21/04/2018,5:27 AM,5:46 PM
Davao del norte,22/04/2018,5:26 AM,5:46 PM
Davao del norte,23/04/2018,5:26 AM,5:46 PM
Davao del norte,24/04/2018,5:26 AM,5:46 PM
Davao del norte,25/04/2018,5:25 AM,5:46 PM
Davao del norte,26/04/2018,5:25 AM,5:46 PM
Davao del norte,27/04/2018,5:25 AM,5:46 PM
Davao del norte,28/04/2018,5:24 AM,5:46 PM
Davao del norte,29/04/2018,5:24 AM,5:46 PM
Davao del norte,30/04/2018,5:24 AM,5:46 PM
Davao del norte,01/05/2018,5:23 AM,5:46 PM
Davao del norte,02/05/2018,5:23 AM,5:46 PM
Davao del norte,03/05/2018,5:23 AM,5:46 PM
Davao del norte,04/05/2018,5:23 AM,5:46 PM
Davao del norte,05/05/2018,5:22 AM,5:46 PM
Davao del norte,06/05/2018,5:22 AM,5:46 PM
Davao del norte,07/05/2018,5:22 AM,5:47 PM
Davao del norte,08/05/2018,5:22 AM,5:47 PM
Davao del norte,09/05/2018,5:21 AM,5:47 PM
Davao del norte,10/05/2018,5:21 AM,5:47 PM
Davao del norte,11/05/2018,5:21 AM,5:47 PM
Davao del norte,12/05/2018,5:21 AM,5:47 PM
Davao del norte,13/05/2018,5:21 AM,5:47 PM
Davao del norte,14/05/2018,5:20 AM,5:47 PM
Davao del norte,15/05/2018,5:20 AM,5:47 PM
Davao del norte,16/05/2018,5:20 AM,5:48 PM
Davao del norte,17/05/2018,5:20 AM,5:48 PM
Davao del norte,18/05/2018,5:20 AM,5:48 PM
Davao del norte,19/05/2018,5:20 AM,5:48 PM
Davao del norte,20/05/2018,5:20 AM,5:48 PM
Davao del norte,21/05/2018,5:20 AM,5:49 PM
Davao del norte,22/05/2018,5:20 AM,5:49 PM
Davao del norte,23/05/2018,5:20 AM,5:49 PM
Davao del norte,24/05/2018,5:20 AM,5:49 PM
Davao del norte,25/05/2018,5:20 AM,5:49 PM
Davao del norte,26/05/2018,5:20 AM,5:50 PM
Davao del norte,27/05/2018,5:20 AM,5:50 PM
Davao del norte,28/05/2018,5:20 AM,5:50 PM
Davao del norte,29/05/2018,5:20 AM,5:50 PM
Davao del norte,30/05/2018,5:20 AM,5:50 PM
Davao del norte,31/05/2018,5:20 AM,5:51 PM
Davao del norte,01/06/2018,5:20 AM,5:51 PM
Davao del norte,02/06/2018,5:20 AM,5:51 PM
Davao del norte,03/06/2018,5:20 AM,5:51 PM
Davao del norte,04/06/2018,5:20 AM,5:52 PM
Davao del norte,05/06/2018,5:20 AM,5:52 PM
Davao del norte,06/06/2018,5:20 AM,5:52 PM
Davao del norte,07/06/2018,5:20 AM,5:52 PM
Davao del norte,08/06/2018,5:20 AM,5:53 PM
Davao del norte,09/06/2018,5:21 AM,5:53 PM
Davao del norte,10/06/2018,5:21 AM,5:53 PM
Davao del norte,11/06/2018,5:21 AM,5:53 PM
Davao del norte,12/06/2018,5:21 AM,5:54 PM
Davao del norte,13/06/2018,5:21 AM,5:54 PM
Davao del norte,14/06/2018,5:21 AM,5:54 PM
Davao del norte,15/06/2018,5:22 AM,5:54 PM
Davao del norte,16/06/2018,5:22 AM,5:54 PM
Davao del norte,17/06/2018,5:22 AM,5:55 PM
Davao del norte,18/06/2018,5:22 AM,5:55 PM
Davao del norte,19/06/2018,5:22 AM,5:55 PM
Davao del norte,20/06/2018,5:23 AM,5:55 PM
Davao del norte,21/06/2018,5:23 AM,5:56 PM
Davao del norte,22/06/2018,5:23 AM,5:56 PM
Davao del norte,23/06/2018,5:23 AM,5:56 PM
Davao del norte,24/06/2018,5:23 AM,5:56 PM
Davao del norte,25/06/2018,5:24 AM,5:56 PM
Davao del norte,26/06/2018,5:24 AM,5:57 PM
Davao del norte,27/06/2018,5:24 AM,5:57 PM
Davao del norte,28/06/2018,5:24 AM,5:57 PM
Davao del norte,29/06/2018,5:25 AM,5:57 PM
Davao del norte,30/06/2018,5:25 AM,5:57 PM
Davao del norte,01/07/2018,5:25 AM,5:57 PM
Davao del norte,02/07/2018,5:25 AM,5:58 PM
Davao del norte,03/07/2018,5:26 AM,5:58 PM
Davao del norte,04/07/2018,5:26 AM,5:58 PM
Davao del norte,05/07/2018,5:26 AM,5:58 PM
Davao del norte,06/07/2018,5:26 AM,5:58 PM
Davao del norte,07/07/2018,5:26 AM,5:58 PM
Davao del norte,08/07/2018,5:27 AM,5:58 PM
Davao del norte,09/07/2018,5:27 AM,5:58 PM
Davao del norte,10/07/2018,5:27 AM,5:58 PM
Davao del norte,11/07/2018,5:27 AM,5:58 PM
Davao del norte,12/07/2018,5:28 AM,5:58 PM
Davao del norte,13/07/2018,5:28 AM,5:59 PM
Davao del norte,14/07/2018,5:28 AM,5:59 PM
Davao del norte,15/07/2018,5:28 AM,5:59 PM
Davao del norte,16/07/2018,5:28 AM,5:59 PM
Davao del norte,17/07/2018,5:29 AM,5:59 PM
Davao del norte,18/07/2018,5:29 AM,5:58 PM
Davao del norte,19/07/2018,5:29 AM,5:58 PM
Davao del norte,20/07/2018,5:29 AM,5:58 PM
Davao del norte,21/07/2018,5:29 AM,5:58 PM
Davao del norte,22/07/2018,5:30 AM,5:58 PM
Davao del norte,23/07/2018,5:30 AM,5:58 PM
Davao del norte,24/07/2018,5:30 AM,5:58 PM
Davao del norte,25/07/2018,5:30 AM,5:58 PM
Davao del norte,26/07/2018,5:30 AM,5:58 PM
Davao del norte,27/07/2018,5:30 AM,5:58 PM
Davao del norte,28/07/2018,5:30 AM,5:58 PM
Davao del norte,29/07/2018,5:30 AM,5:57 PM
Davao del norte,30/07/2018,5:31 AM,5:57 PM
Davao del norte,31/07/2018,5:31 AM,5:57 PM
Davao del norte,01/08/2018,5:31 AM,5:57 PM
Davao del norte,02/08/2018,5:31 AM,5:57 PM
Davao del norte,03/08/2018,5:31 AM,5:56 PM
Davao del norte,04/08/2018,5:31 AM,5:56 PM
Davao del norte,05/08/2018,5:31 AM,5:56 PM
Davao del norte,06/08/2018,5:31 AM,5:56 PM
Davao del norte,07/08/2018,5:31 AM,5:55 PM
Davao del norte,08/08/2018,5:31 AM,5:55 PM
Davao del norte,09/08/2018,5:31 AM,5:55 PM
Davao del norte,10/08/2018,5:31 AM,5:54 PM
Davao del norte,11/08/2018,5:31 AM,5:54 PM
Davao del norte,12/08/2018,5:31 AM,5:54 PM
Davao del norte,13/08/2018,5:31 AM,5:53 PM
Davao del norte,14/08/2018,5:31 AM,5:53 PM
Davao del norte,15/08/2018,5:31 AM,5:53 PM
Davao del norte,16/08/2018,5:31 AM,5:52 PM
Davao del norte,17/08/2018,5:31 AM,5:52 PM
Davao del norte,18/08/2018,5:31 AM,5:52 PM
Davao del norte,19/08/2018,5:31 AM,5:51 PM
Davao del norte,20/08/2018,5:31 AM,5:51 PM
Davao del norte,21/08/2018,5:31 AM,5:50 PM
Davao del norte,22/08/2018,5:31 AM,5:50 PM
Davao del norte,23/08/2018,5:31 AM,5:49 PM
Davao del norte,24/08/2018,5:31 AM,5:49 PM
Davao del norte,25/08/2018,5:31 AM,5:49 PM
Davao del norte,26/08/2018,5:31 AM,5:48 PM
Davao del norte,27/08/2018,5:31 AM,5:48 PM
Davao del norte,28/08/2018,5:30 AM,5:47 PM
Davao del norte,29/08/2018,5:30 AM,5:47 PM
Davao del norte,30/08/2018,5:30 AM,5:46 PM
Davao del norte,31/08/2018,5:30 AM,5:46 PM